id;name;start;jhi_end
1;Mouse Pants;2023-02-15T13:10:38;2023-02-15T09:47:02
2;Computers Principal;2023-02-15T06:03:51;2023-02-15T07:27:11
3;Multi-channelled array;2023-02-14T21:11:15;2023-02-14T21:14:11
4;Bike Plastic;2023-02-15T12:06:03;2023-02-15T12:46:42
5;bypass Personal Avon;2023-02-15T11:11:06;2023-02-15T04:08:11
6;Awesome Concrete;2023-02-15T06:28:57;2023-02-14T13:55:27
7;Card SQL Buckinghamshire;2023-02-15T07:40:48;2023-02-14T16:05:24
8;Shilling;2023-02-15T06:16:32;2023-02-15T03:48:40
9;technologies;2023-02-15T00:53:24;2023-02-15T00:56:52
10;Unbranded;2023-02-15T01:23:27;2023-02-14T19:49:56
